ID	index	Address Type	for Company (primary key)	address	PO box	postal code	City	Region	Country	Notes
ID		TYPE SPLIT=|	I 'is about'	I streetAddress	I postOfficeBoxNumber	I postalCode	I addressLocality	I addressRegion	I addressCountry	
PESTON:0600001	1	legally registered address | primary address	AAKO B.V.	p.o. box 205		3830 AE	Leusden			
PESTON:0600002	2	legally registered address | primary address	ABION FRANCE SARL	place gambetta, 44		33000	Bordeaux			
PESTON:0600003	3	legally registered address | primary address	ACOSIL S.R.L.	via dei peschi, 9		37033	Montorio			
PESTON:0600004	4	legally registered address	ACTION PIN S.A.	z.i. de cazalieu b.p. 30		F-40260	Castets			
PESTON:0600005	5	primary address	ACTION PIN S.A.	route andre dupuy b.p. 30		40260	Castets			
PESTON:0600006	6	legally registered address | primary address	ACTIVA S.R.L.	via sacchini, 23		20131	Milano			
PESTON:0600007	7	legally registered address	ADAMA AGAN LTD	p.o. box 262		77102	Ashdod			
PESTON:0600008	8	primary address	ADAMA AGAN LTD	c/o adama italia s.r.l. - via zanica, 19 (att.ne dr.ssa panza e dr.ssa pellicioli)		24050	Grassobbio			
PESTON:0600009	9	legally registered address	ADAMA AGRICULTURE B.V.	arnhemeseweg 87		3832GK	Leusden			
PESTON:0600010	10	primary address	ADAMA AGRICULTURE B.V.	p.o. box 355			Leusden			
PESTON:0600011	11	legally registered address | primary address	ADAMA CELSIUS CURACAO BRANCH	pos cabai office park, unit 13			Curacao			
PESTON:0600012	12	legally registered address	ADAMA DEUTSCHLAND GMBH	edmund rumpler - str. 6		D-37269	Koln			
PESTON:0600013	13	primary address	ADAMA DEUTSCHLAND GMBH	c/o adama italia s.r.l. via zanica, 19 (att.ne dr.ssa panza e dr.ssa pellicioli)		24050	Grassobbio			
PESTON:0600014	14	legally registered address	ADAMA IRVITA N.V.	kaya sfg (jombi) mensing 34 p.o. box 403			Curacao			
PESTON:0600015	15	primary address	ADAMA IRVITA N.V.	c/o adama italia s.r.l. via zanica, 19 (att.ne dr.ssa panza e dr.ssa pellicioli)			Grassobbio			
PESTON:0600016	16	legally registered address	ADAMA ITALIA S.R.L.	via zanica, 19		24050	Grassobbio			
PESTON:0600017	17	primary address	ADAMA ITALIA S.R.L.	via zanica, 19 (att.ne dr.ssa panza e dr.ssa pellicioli)		24050	Grassobbio			
PESTON:0600018	18	legally registered address	ADAMA MAKHTESHIM LTD				Beersheba			
PESTON:0600019	19	primary address	ADAMA MAKHTESHIM LTD	c/0 adama italia s.r.l. via zanica, 19 (att.ne dr.ssa panza e dr.ssa pellicioli)		24050	Grassobbio			
PESTON:0600020	20	legally registered address	ADAMA QUENA N.V.	kaya w.f.g. (jombi) mensing 34 p.o. box 403			Curacao			
PESTON:0600021	21	primary address	ADAMA QUENA N.V.	c/o adama italia s.r.l. via zanica, 19 (att.ne dr.ssa panza dr.ssa pellicioli)		24121	Grassobbio			
PESTON:0600022	22	legally registered address | primary address	ADICA S.R.L.	via aurelio saffi, 1		40131	Bologna			
PESTON:0600023	23	legally registered address | primary address	AFEPASA AZUFRERA Y FERTILIZANTES PALLARES S.A.	pol.ind. de constanti' avenida de europa, 1-7		43120	Tarragona			UTF-8 issue with: Constantâ€™ aka Constantí
PESTON:0600024	24	legally registered address | primary address	AGCHEM ACCESS LTD.	cedar house 41, thorpe road		NR1 1ES	Norwich			
	25	legally registered address | primary address	AGER CHEMICAL S.R.L.							
PESTON:0600026	26	legally registered address | primary address	AGFORM LTD	maidestone heath blundell lane		S031 1AA	Bursledon			
PESTON:0600027	27	legally registered address	AGRAUXINE S.A.	137 rue gabriel peri		F-59700	Marcq-en-Barœul			Marcq-en-Baroeul
PESTON:0600028	28	primary address	AGRAUXINE S.A.	7, avenue du grand perigne'		F-49070	Beaucouze'			
PESTON:0600029	29	legally registered address | primary address	AGRI NATURA	s.p. torremaggiore km 1,200		71010	San Paolo Di Civitate			
PESTON:0600030	30	legally registered address | primary address	AGRIA S.A.	asenovgradsko shose		4009	Plovdiv			
PESTON:0600031	31	legally registered address	AGRIBIO S.R.L.	via laghi 57/8		48018	Faenza			
PESTON:0600032	32	primary address	AGRIBIO S.R.L.	c/o curatore fallimentare dr. mauro pozzi c.so mazzini 89		48018	Faenza			
PESTON:0600033	33	legally registered address | primary address	AGRIBIOCHIMICA S.R.L.	via e. da rotterdam, 19		44100	Ferrara			
PESTON:0600034	34	legally registered address	AGRIBIOTEC S.R.L.	via san bernardo, 22		26100	Cremona			
PESTON:0600035	35	primary address	AGRIBIOTEC S.R.L.	via per concordia, 115		41032	Cavezzo			
PESTON:0600036	36	legally registered address | primary address	AGRICA S.R.L.	via cogolla, 5/b		36033	Isola Vicentina			
PESTON:0600037	37	legally registered address	AGRICHIMICA S.R.L.	via solforata km. 10,750		40	Pomezia			
PESTON:0600038	38	primary address	AGRICHIMICA S.R.L.	v.le bruno buozzi, 77		197	Roma			
PESTON:0600039	39	legally registered address | primary address	AGRICO ITALIA S.R.L.	p.za costituzione, 8		40128	Bologna			
PESTON:0600040	40	legally registered address	AGRICO S.R.L.	v.le gian galeazzo, 3		20136	Milano			
PESTON:0600041	41	primary address	AGRICO S.R.L.	v.le masini, 22		40136	Bologna			
PESTON:0600042	42	legally registered address | primary address	AGRICOLA LTD	abbey farm, snape, saxmundham		IP171RQ	Suffolk			
PESTON:0600043	43	legally registered address | primary address	AGRICOLTURA ITALIA S.R.L.	corso umberto i, 92		74100	Taranto			
PESTON:0600044	44	legally registered address	AGRIFARMAX DI R. BELLONI	corso v. emanuele, 174		45011	Adria			
PESTON:0600045	45	primary address	AGRIFARMAX DI R. BELLONI	c/o gamma international via francesca est 81		46040	Mantova			
PESTON:0600046	46	legally registered address | primary address	AGRIFUTUR S.R.L.	via campagnole, 8		25020	Alfianello			
PESTON:0600047	47	legally registered address | primary address	AGRIM S.R.L.	p.za trento e trieste, 1		40136	Bologna			
PESTON:0600048	48	legally registered address | primary address	AGRIMARK S.A.S.	via s. carlo, 2132		40059	Medicina			
PESTON:0600049	49	legally registered address | primary address	AGRIMIX S.R.L.	via campobello, 1		40	Pomezia			
PESTON:0600050	50	legally registered address | primary address	AGRIMPORT S.P.A.	via piani, 1		39100	Bolzano			
PESTON:0600051	51	legally registered address	AGRINOVA S.P.A.	via c.g. merlo, 1		20100	Milano			
PESTON:0600052	52	primary address	AGRINOVA S.P.A.	via verdi, 104/106		20063	Cernusco Sul Naviglio			
PESTON:0600053	53	legally registered address	AGRIPHAR ITALIA S.R.L.	via nino bixio, 6		44042	Cento			
PESTON:0600054	54	primary address	AGRIPHAR ITALIA S.R.L.	via donizetti, 2/a		44042	Cento			
PESTON:0600055	55	legally registered address	AGRIPHYT S.A.	rue de glacis, 17		F-59300	Ougree			
PESTON:0600056	56	primary address	AGRIPHYT S.A.	c/o chimac-agriphar s.a. - rue de renory, 26		B-4102	Ougree			
PESTON:0600057	57	legally registered address | primary address	AGRIPLANT S.R.L.	viale italia, 113		31015	Conegliano			
PESTON:0600058	58	legally registered address | primary address	AGRISENSE BCS LTD	treforest industrial estate cf37		5SU	Pontypridd			
PESTON:0600059	59	legally registered address | primary address	AGRISTAR SYSTEM S.R.L.	via martiri di monte sole, 29/b		40129	Bologna			
PESTON:0600060	60	legally registered address | primary address	AGRISYSTEM S.R.L.	c.da rotoli		88046	Lamezia Terme			
PESTON:0600061	61	legally registered address | primary address	AGRIVET S.A.S.	via s. giovanni, 6050		40024	Castel San Pietro Terme			
PESTON:0600062	62	legally registered address | primary address	AGRO TRADE GMBH	baerweiler strasse 55		55568	Lauschied			
PESTON:0600063	63	legally registered address | primary address	AGROCAL CHEMICALS S.L.	placa de garriga, 2		8190	Sant Cugat del Vallès			
PESTON:0600064	64	legally registered address | primary address	AGROCHIMICA S.P.A.	via copernico, 11		39100	Bolzano			
PESTON:0600065	65	legally registered address	AGROFRESH HOLDING FRANCE SAS	23-25 avenue mac-mahon		F-75017	Paris			
PESTON:0600066	66	primary address	AGROFRESH HOLDING FRANCE SAS	266, avenue de president wilson - 23, avenue jules rimet		F-93200	Saint-Denis			
PESTON:0600067	67	legally registered address | primary address	AGROLAC S.A.	avenida dels vents, 9-13 esc. a, 6¡ 2^		8917	Badalona			
PESTON:0600068	68	legally registered address | primary address	AGROLINZ ITALIA S.R.L.	via sempione 13		21053	Castellanza			
PESTON:0600069	69	legally registered address | primary address	AGRONATURALIS LTD	suite 2, crown house, 2 southamphton road		BH24 1 HY	Ringwood			
PESTON:0600070	70	legally registered address | primary address	AGRONOVA S.R.L.	via massarenti, 221/6		40138	Bologna			
PESTON:0600071	71	legally registered address	AGROPIAVE S.R.L.	via  ormelle, 23		31020	San Polo Di Piave			
PESTON:0600072	72	primary address	AGROPIAVE S.R.L.	via per ormelle, 25/1		31020	San Polo Di Piave			
PESTON:0600073	73	legally registered address	AGROQUALITA' S.R.L.	via carroccio, 8		20123	Milano			
PESTON:0600074	74	primary address	AGROQUALITA' S.R.L.	via sempione, 195		20016	Pero			
PESTON:0600075	75	legally registered address | primary address	AGROSER S.R.L.	via mazzini, 104		21058	Solbiate Olona			
PESTON:0600076	76	legally registered address | primary address	AGROSTULLN GMBH	werksweg 2		D-92551	Stulln			
PESTON:0600077	77	legally registered address | primary address	AGROTECNICA S.A.S.	cascina catella, 6		13877	Villanova Biellese			
PESTON:0600078	78	legally registered address	AGROWIN BIOSCIENCES S.R.L.	via montegrappa, 7		24121	Bergamo			
PESTON:0600079	79	primary address	AGROWIN BIOSCIENCES S.R.L.	via f. musazzi, 24		20025	Legnano			
PESTON:0600080	80	legally registered address | primary address	AGROZOOFARMA S.R.L.	via lavariano, 15		33050	Mortegliano			
PESTON:0600081	81	legally registered address | primary address	AID S.P.A.	via vittorio veneto, 7		95127	Catania			
PESTON:0600082	82	legally registered address | primary address	AIFAR S.P.A.	via bazzano, 12		16019	Ronco Scrivia			
PESTON:0600083	83	legally registered address	AIR LIQUIDE ITALIA SERVICE S.R.L.	via calabria, 31		20158	Milano			
PESTON:0600084	84	primary address	AIR LIQUIDE ITALIA SERVICE S.R.L.	casella postale 15036		20150	Milano			
PESTON:0600085	85	legally registered address	AKZO NOBEL CHEMICALS S.P.A.	via gioberti, 4		20100	Milano			
PESTON:0600086	86	primary address	AKZO NOBEL CHEMICALS S.P.A.	via e. vismara, 80		20020	Arese			
PESTON:0600087	87	legally registered address | primary address	ALBAUGH TKI D.O.O	grajski trg 21		SI-2327	Race			
PESTON:0600088	88	legally registered address | primary address	ALBAUGH UK LTD.	northumberland avenue - trafalgar square		WC2N 5BW	London			
PESTON:0600089	89	legally registered address | primary address	ALGHEMAR S.R.L.	via guerrieri, 15		187	Roma			
PESTON:0600090	90	legally registered address | primary address	ALINTRA S.A.	c/garbi', 3  poligono industrial can volart		8150	Parets Del Valles			
PESTON:0600091	91	legally registered address	ALKAGRO EUROPE S.P.R.L.	avenue albert, 233		1190	Bruxelles			
PESTON:0600092	92	primary address	ALKAGRO EUROPE S.P.R.L.	rue du congres 11		1000	Bruxelles			
PESTON:0600093	93	legally registered address | primary address	ALPHA BIOPESTICIDES LTD	st john?s innovation centre, cowley road		CB4 0WS	Cambridge			
PESTON:0600094	94	legally registered address | primary address	ALTHALLER ITALIA S.R.L.	strada comunale per campagna, 5			San Colombano Al Lambro			
PESTON:0600095	95	legally registered address | primary address	ALZCHEM TROSTBERG GMBH	dr. albert frank str. 32		83308	Trostberg			
PESTON:0600096	96	legally registered address | primary address	AMVAC CHEMICAL UK LIMITED	surrey tecnology centre 40 occan road		GU2 5YG	Guildford			
PESTON:0600097	97	legally registered address | primary address	AMVAC NETHERLANDS B.V.	kosterijland, 72		NL-3981	Bunnik			
PESTON:0600098	98	legally registered address | primary address	APA ANTIPARASSITARI PER AGRICOLTURA S.R.L.	v.le del lavoro, 10/b		45100	Rovigo			
PESTON:0600099	99	legally registered address | primary address	ARGCHEMICAL S.N.C.	via rossini, 9/a		24040	Stezzano			
PESTON:0600100	100	legally registered address | primary address	ARYSTA LIFESCIENCE BENELUX SPRL	rue de renory, 26/1		B-4102	Ougree			
PESTON:0600101	101	legally registered address	ARYSTA LIFESCIENCE REGISTRATIONS GREAT BRITAIN LTD	198, golden hillock road		B11 2 PN	Birmingham			
PESTON:0600102	102	primary address	ARYSTA LIFESCIENCE REGISTRATIONS GREAT BRITAIN LTD	c/o arysta lifescience italia s.r.l. (rappresentante)			Cento			
PESTON:0600103	103	legally registered address | primary address	ARYSTA LIFESCIENCE S.A.S.	route d'artix b.p. 80		64150	Nogueres			
PESTON:0600104	104	legally registered address | primary address	ASAHI CHEMICAL EUROPE S.R.O	luzna, 591/4 vokovice		160-00	Prague			
PESTON:0600105	105	legally registered address | primary address	ASCENZA AGRO S.A.	avenida do rio tejo - herdade das prais		2010-440	Setubal			
PESTON:0600106	106	legally registered address | primary address	ASCENZA ITALIA S.R.L.	via varese 25/g		21047	Saronno			
PESTON:0600107	107	legally registered address	ATOFINA ITALIA S.R.L.	via degli artigianelli, 10		20159	Milano			
PESTON:0600108	108	primary address	ATOFINA ITALIA S.R.L.	via g. murat, 17		20159	Milano			
PESTON:0600109	109	legally registered address	AUSCHEM LTD	celtic house, 3fi victoria s.douglas		IMI 2SJ	Isle of Man			
PESTON:0600110	110	primary address	AUSCHEM LTD	c/o john r. english via mecenate, 23/3		20138	Milano			
PESTON:0600111	111	legally registered address	AUSCHEM S.P.A.	foro bonaparte, 31		20131	Milano			
PESTON:0600112	112	primary address	AUSCHEM S.P.A.	via de' notaris, 50		20128	Milano			
PESTON:0600113	113	legally registered address	AUSTRITAL LTD	rua 31 de janeiro, 80-a-5e		9000	Funchal			
PESTON:0600114	114	primary address	AUSTRITAL LTD	c/o i.pi.ci via fratelli beltrami, 11		20026	Novate Milanese			
PESTON:0600115	115	legally registered address | primary address	AVENTIS CROPSCIENCE ITALIA S.P.A.	p.le stefano turr, 5		20149	Milano			
PESTON:0600116	116	legally registered address	AZELIS ITALIA S.R.L.	via leonardo da vinci, 43		20090	Trezzano Sul Naviglio			
PESTON:0600117	117	primary address	AZELIS ITALIA S.R.L.							
PESTON:0600118	118	legally registered address	AZF AGRICOLTURA S.R.L.	via lisbona, 7		35100	Padova			
PESTON:0600119	119	primary address	AZF AGRICOLTURA S.R.L.	via c. colombo, 7-7/a		30030	Vigonovo			
PESTON:0600120	120	legally registered address | primary address	AZIENDE AGRARIE TRENTO FITOFARMACI							
PESTON:0600121	121	legally registered address | primary address	BACTEC CORPORATION	9601 katy freeway, suite 350		77024	Houston			
PESTON:0600122	122	legally registered address	BAM S.R.L.	via nuova selice, 20		48017	Conselice			
PESTON:0600123	123	primary address	BAM S.R.L.	via nuova selice, 20		48020	Conselice			
PESTON:0600124	124	legally registered address | primary address	BARCLAY CHEMICALS (R&D) LTD.	damastown way, damastown industrial park mulhuddart		D15 FD27	Dublin			
PESTON:0600125	125	legally registered address | primary address	BARCLAY CHEMICALS MANUFACTURING LTD	tyrellstown way-damastown industrial park mulhuddart			Dublin			
PESTON:0600126	126	legally registered address	BASF A.G. (AKTIENGESELLSHAFT)	carl bosch strasse, 88		6700	Ludwigshafen			
PESTON:0600127	127	primary address	BASF A.G. (AKTIENGESELLSHAFT)	via s. sofia, 21		20122	Milano			
PESTON:0600128	128	legally registered address	BASF AGRO S.P.A.	via bisceglie, 76		20152	Milano			
PESTON:0600129	129	primary address	BASF AGRO S.P.A.	via marconato, 8		20031	Cesano Maderno			
PESTON:0600130	130	legally registered address | primary address	BASF ITALIA S.P.A.	via marconato, 8		20811	Cesano Maderno			
PESTON:0600131	131	legally registered address	BASLINI S.P.A.	via barozzi, 8		20122	Milano			
PESTON:0600132	132	primary address	BASLINI S.P.A.	p.zza e. baslini, 1		24047	Treviglio			
PESTON:0600133	133	legally registered address | primary address	BAYER CROPSCIENCE S.R.L.	viale certosa, 130		20156	Milano			
PESTON:0600134	134	legally registered address	BE DI BR BUSOLIN ELIGIO DI BUSOLIN RODOLFO	via zanetti, 9		31046	Oderzo			
PESTON:0600135	135	primary address	BE DI BR BUSOLIN ELIGIO DI BUSOLIN RODOLFO	sede operativa via ormelle, 25		31020	San Polo Di Piave			
PESTON:0600136	136	legally registered address | primary address	BEIKIRCHER GRUENLAND S.N.C.	zona industriale, 9		39035	Sand in Taufers			
PESTON:0600137	137	legally registered address | primary address	BELCHIM CROP PROTECTION ITALIA S.P.A.	viale milanofiori, strada 6, palazzo n3		20089	Rozzano			
PESTON:0600138	138	legally registered address | primary address	BELCHIM CROP PROTECTION NV/SA	technologielaan, 7		B-1840	Londerzeel			
PESTON:0600139	139	legally registered address | primary address	BENATI	via s. senatore, 10		20122	Milano			
PESTON:0600140	140	legally registered address	BENFER-SCHELLER S.P.A.	via vittor pisani, 20		20124	Milano			
PESTON:0600141	141	primary address	BENFER-SCHELLER S.P.A.	via monza, 265		20126	Milano			
PESTON:0600142	142	legally registered address | primary address	BI-PA PRODOTTI BIOLOGICI PER L'AGRICOLTURA N.V.	technologielaan, 7		B-1840	Londerzeel			
PESTON:0600143	143	legally registered address | primary address	BIAGRO S.L.	c/jaime i, 8 - pol. ind. del mediterraneo		E-46560	Massalfassar			
PESTON:0600144	144	legally registered address | primary address	BIO-FERM GMBH	industriestra§e 21		A-3130	Herzogenburg			
PESTON:0600145	145	legally registered address	BIOCARE GESELLSHAFT FUR BIOLOGISCHE SCHUTZMITTEL GMBH	dorfstrasse, 4		D-37574	Einbeck			
PESTON:0600146	146	primary address	BIOCARE GESELLSHAFT FUR BIOLOGISCHE SCHUTZMITTEL GMBH	wellerser strasse, 57		D-37586	Dassel			
PESTON:0600147	147	legally registered address	BIOCHEM S.R.L. (GORIZIA)	via e. fermi, 33		34170	Gorizia			
PESTON:0600148	148	primary address	BIOCHEM S.R.L. (GORIZIA)	via dei carriolanti, 36		44047	Ferrara			
PESTON:0600149	149	legally registered address | primary address	BIOCONTROL TECHNOLOGIES S.L.	avinguda madrid, 215-217, entresol a		8014	Barcelona			
PESTON:0600150	150	legally registered address | primary address	BIOFA AG	rudolf-diesel str. 2		D-72525	Munsingen			
PESTON:0600151	151	legally registered address	BIOIBERICA S.A.U.	c/antic cami' de tordera 109-119		8389	Palafolls			
PESTON:0600152	152	primary address	BIOIBERICA S.A.U.	av. paisons catalans 34, planta 2»		8950	Esplugues De Llobregat			
PESTON:0600153	153	legally registered address | primary address	BIOLCHIM S.P.A.	via s. carlo, 2130		40059	Medicina			
PESTON:0600154	154	legally registered address | primary address	BIONATURA S.R.L.	via s. carlo, 2130		40059	Medicina			
PESTON:0600155	155	legally registered address | primary address	BIOWORKS EUROPE LIMITED	4, princess square		HG1 1LX	Harrogate			
PESTON:0600156	156	legally registered address | primary address	BLUMEN GROUP S.P.A.	corso venezia, 36		20121	Milano			
PESTON:0600157	157	legally registered address	BORREGAARD ITALIA S.P.A.	via carducci, 15		20123	Milano			
PESTON:0600158	158	primary address	BORREGAARD ITALIA S.P.A.	via carso, 73		24040	Madone			
PESTON:0600159	159	legally registered address | primary address	BOZZOLA S.P.A.	via ravagnana, 28		37052	Casaleone			
PESTON:0600160	160	legally registered address | primary address	BROKDEN S.L.	san roque, 15		E-12001	Castellon			
PESTON:0600161	161	legally registered address | primary address	BROMOSICULA S.A.S.	via empedocle, 22 int. b		97100	Ragusa			
PESTON:0600162	162	legally registered address | primary address	BROMOTIRRENA S.R.L.	via della stazione, 128		4022	Fondi			
PESTON:0600163	163	legally registered address | primary address	BRUTIACHIM S.P.A.	strada per s. angelo		88010	Pizzoni			
PESTON:0600164	164	legally registered address	C.I.A. COMMERCIALE INTERNAZIONALE AGRICOLA S.R.L.	zona industriale di viggiano		85050	Grumento Nova			
PESTON:0600165	165	primary address	C.I.A. COMMERCIALE INTERNAZIONALE AGRICOLA S.R.L.	via carrera, 95		4022	Fondi			
PESTON:0600166	166	legally registered address | primary address	CAF KARYON S.L.	ezequiel solana n. 6		E-28017	Madrid			
PESTON:0600167	167	legally registered address	CAFFARO S.P.A.	via borgonovo, 14		20121	Milano			
PESTON:0600168	168	primary address	CAFFARO S.P.A.	via friuli, 55		20031	Cesano Maderno			
PESTON:0600169	169	legally registered address | primary address	CALTABELLOTTA S.R.L.	via friddi, 9		90025	Lercara Friddi			
PESTON:0600170	170	legally registered address | primary address	CAMPLONE							
PESTON:0600171	171	legally registered address	CASTALDO S.P.A.	via g. porzio, isola g1 - centro direzionale		80132	Napoli			
PESTON:0600172	172	primary address	CASTALDO S.P.A.	via nazionale delle puglie c.p. 79		80021	Afragola			
PESTON:0600173	173	legally registered address	CBC (EUROPE) S.R.L.	via zanica, 25		24.5	Grassobbio			
PESTON:0600174	174	primary address	CBC (EUROPE) S.R.L.	via umberto i, 69		20814	Varedo			
PESTON:0600175	175	legally registered address	CERAC	via dei mille, 6		185	Roma			
PESTON:0600176	176	primary address	CERAC	via calzoni, 1/3		40128	Bologna			
PESTON:0600177	177	legally registered address | primary address	CEREXAGRI S.A.	1, rue des freres lumieres		78373	Plaisir			
PESTON:0600178	178	legally registered address | primary address	CERRUS S.A.S. DI RONZONI G. & C.	via papa giovanni xxiii, 84		21040	Uboldo			
PESTON:0600179	179	legally registered address | primary address	CERTIPLANT B.V.	lichtenberglaan 2045		B-3800	Sint-Truiden			
PESTON:0600180	180	legally registered address	CERTIS EUROPE B.V.	stadsplateau 16		3521	Utrecht			
PESTON:0600181	181	primary address	CERTIS EUROPE B.V.	c/o filiale italiana via varese, 25/d (scala a)		21047	Saronno			
PESTON:0600182	182	legally registered address	CHEMIA S.P.A.	strada statale 255 km. 46		44047	Sant'agostino			
PESTON:0600183	183	primary address	CHEMIA S.P.A.	via statale, 327		44040	Sant'agostino			
PESTON:0600184	184	legally registered address | primary address	CHEMIL S.R.L.	via soperga, 4		20127	Milano			
PESTON:0600185	185	legally registered address	CHEMINOVA A/S	thyboronvej 78		DK767	Harboore			
PESTON:0600186	186	primary address	CHEMINOVA A/S	p.o. box 9		DK 76	Lemvig			
PESTON:0600187	187	legally registered address | primary address	CHEMINOVA AGRO ITALIA S.R.L.	via f.lli bronzetti, 32/38		24124	Bergamo			
PESTON:0600188	188	legally registered address | primary address	CHEMINOVA AGRO S.A.	paseo de la castellana 257, 5¡			Madrid			
PESTON:0600189	189	legally registered address | primary address	CHEMINOVA DEUTSCHLAND GMBH & CO. KG	stader elbstrasse, 26		21683	Stade			
PESTON:0600190	190	legally registered address	CHEMTRADE S.R.L.	via risorgimento, 101		20099	Sesto San Giovanni			
PESTON:0600191	191	primary address	CHEMTRADE S.R.L.	via v. monti, 8		20123	Milano			
PESTON:0600192	192	legally registered address | primary address	CHEMTURA ITALY S.R.L.	via pico della mirandola, 8		4013	Latina Scalo			
PESTON:0600193	193	legally registered address | primary address	CHIMAC-AGRIPHAR S.A.	rue de renory, 26		B-4102	Ougree			
PESTON:0600194	194	legally registered address | primary address	CHIMIBERG S.R.L.	via tonale, 15		24061	Albano Sant'Alessandro			
PESTON:0600195	195	legally registered address | primary address	CHIMIGROUP S.R.L.	via ugo foscolo, 8		35131	Padova			
PESTON:0600196	196	legally registered address | primary address	CHIMIPLANT S.R.L.	via statale, 103		89020	Anoia Superiore			
PESTON:0600197	197	legally registered address | primary address	CHIMITAL	via zoccolo, 2		41030	Bomporto			
PESTON:0600198	198	legally registered address | primary address	CHIMITALIA S.A.S.	strada comunale di val s.martino inferiore, 167		10131	Torino			
PESTON:0600199	199	legally registered address | primary address	CIECH SARZYNA S.A.	ul. chemikow 1		37-310	Nova Sarzyna			
PESTON:0600200	200	legally registered address | primary address	CIFO S.R.L.	via oradour, 6		40016	San Giorgio Di Piano			
PESTON:0600201	201	legally registered address | primary address	CINKARNA CELJE, INC.	kidrieva, 26		SLO-3001	Celje			
PESTON:0600202	202	legally registered address | primary address	CLERICO LORENZO							
PESTON:0600203	203	legally registered address | primary address	COLIA TRADE S.R.L.	via g. sismondi, 53		20133	Milano			
PESTON:0600204	204	legally registered address | primary address	COLKIM S.R.L.	via piemonte, 50		40064	Ozzano Dell'emilia			
PESTON:0600205	205	legally registered address | primary address	COMAGRI S.R.L.	via piani d'isarco, 4		39100	Bolzano			
PESTON:0600206	206	legally registered address | primary address	COMERCIAL QUIMICA MASSO' S.A.	calle viladomat, 321		8029	Barcelona			
PESTON:0600207	207	legally registered address | primary address	COMPO GMBH	gildenstrasse 38		D-48157	Munster			
PESTON:0600208	208	legally registered address | primary address	COMPO ITALIA S.R.L.	via marconato, 8		20031	Cesano Maderno			
PESTON:0600209	209	legally registered address | primary address	COMPTOIR COMMERCIAL DES LUBRIFIANTS  S.A.S.	rue du buisson du roi		60880	Le Meux			
PESTON:0600210	210	legally registered address | primary address	CONAS S.R.L.	via concordia, 15		20094	Assago			
PESTON:0600211	211	legally registered address	CONSORZIO AGRARIO PROVINCIA DI FERRARA	via padova, 204		44100	Ferrara			
PESTON:0600212	212	primary address	CONSORZIO AGRARIO PROVINCIA DI FERRARA	via padova, 2o4		44100	Ferrara			
PESTON:0600213	213	legally registered address | primary address	CONSORZIO AGRARIO PROVINCIALE DI PARMA	strada dei mercati, 17		43100	Parma			
PESTON:0600214	214	legally registered address	COPYR S.P.A.	via g. stephenson, 29		20157	Milano			
PESTON:0600215	215	primary address	COPYR S.P.A.	via stephenson, 29		20157	Milano			
PESTON:0600216	216	legally registered address | primary address	CORTEVA AGRISCIENCE ITALIA S.R.L.	via dei comizi agrari, 10		26100	Cremona			
PESTON:0600217	217	legally registered address | primary address	COSMOFIT	via moncalvo, 16		10131	Torino			
PESTON:0600218	218	legally registered address | primary address	CP AGRO (IRELAND) PYT LTD	arthur cox building, earsfort terrace			Dublin			
PESTON:0600219	219	legally registered address	CROMPTON TECHNOLOGY BV				Amsterdam			
PESTON:0600220	220	primary address	CROMPTON TECHNOLOGY BV	c/o crompton chemical s.r.l. via delle industrie,		40123	Latina			
PESTON:0600221	221	legally registered address	DAL CIN GILDO S.P.A.	p.le principessa clotilde, 8		20121	Milano			
PESTON:0600222	222	primary address	DAL CIN GILDO S.P.A.	v.le casiraghi, 422		20099	Sesto San Giovanni			
PESTON:0600223	223	legally registered address	DANSTAR FERMENT AG	poststrasse, 30		CH-6300	Zug			
PESTON:0600224	224	primary address	DANSTAR FERMENT AG	danstar ferment ag		CH-6300	Zug			
PESTON:0600225	225	legally registered address | primary address	DE CEUSTER MESTSTOFFEN N.V.	fortsesteenweg 30		2860	Sint-Katelijne-Waver			
PESTON:0600226	226	legally registered address | primary address	DE SANGOSSE SAS	bonnel, pb5		47480	Pont-du-Casse			
PESTON:0600227	227	legally registered address	DECCO IBERICA POST COSECHA S.A.U.	c/villa de madrid, 54 - apartado de correos 45 poligono industrial fuente del jarro		E-46988	Paterna			
PESTON:0600228	228	primary address	DECCO IBERICA POST COSECHA S.A.U.							
PESTON:0600229	229	legally registered address | primary address	DECCO ITALIA S.R.L.	bivio aspro - zona industriale		95040	Belpasso			
PESTON:0600230	230	legally registered address	DEMETRA ITALIA S.R.L.	via san vitale, 5		40060	Sesto Imolese			
PESTON:0600231	231	primary address	DEMETRA ITALIA S.R.L.	via dell'artigianato, 14b		40023	Castel Guelfo Di Bologna			
PESTON:0600232	232	legally registered address | primary address	DETERCHIMICA 3000 S.R.L.	zona industriale loc. quartaccio		1034	Fabrica Di Roma			
PESTON:0600233	233	legally registered address	DETERPAN S.R.L.	via girolamo benzoni, 1		154	Roma			
PESTON:0600234	234	primary address	DETERPAN S.R.L.	s.p. per borghetto km. 2.200		1034	Fabrica Di Roma			
PESTON:0600235	235	legally registered address | primary address	DEVGEN NV	technologiepark, 30		B-9052	Zwijnaarde			
PESTON:0600236	236	legally registered address | primary address	DIACHEM S.P.A.	via tonale, 15		24061	Albano Sant'Alessandro			
PESTON:0600237	237	legally registered address | primary address	DOMUSART BIOART D.B.M. S.A.S.	v.le montello, 18		20154	Milano			
PESTON:0600238	238	legally registered address | primary address	DOTT. ANTONIO BORACCHINI & C. S.N.C.	via martiri di pizzocalvo, 63		40068	San Lazzaro Di Savena			
PESTON:0600239	239	legally registered address | primary address	DOUGLAS BLG BVBA	97, 4 floor, rue royale		B-1000	Bruxelles			
PESTON:0600240	240	legally registered address | primary address	DOW EUROPE GMBH	bachtobelstrasse, 3		CH-8810	Horgen			
PESTON:0600241	241	legally registered address | primary address	DREYFUS GENTILI P.M.O. S.P.A.	corso venezia, 54		20121	Milano			
PESTON:0600242	242	legally registered address	DU PONT DE NEMOURS ITALIANA S.R.L.	via pontaccio, 10		20121	Milano			
PESTON:0600243	243	primary address	DU PONT DE NEMOURS ITALIANA S.R.L.	via dei comizi agrari, 10		26100	Cremona			
PESTON:0600244	244	legally registered address	DU PONT FRANCE S.A.S.	rue de l'universite, 137		75334	Paris			
PESTON:0600245	245	primary address	DU PONT FRANCE S.A.S.	c/o du pont de nemours italiana s.r.l. - centro direzionale villa fiorita via p. gobetti, 2/c		20063	Cernusco Sul Naviglio			
PESTON:0600246	246	legally registered address | primary address	EASTMAN ITALIA S.R.L.	via matteo bandello, 5		20123	Milano			
PESTON:0600247	247	legally registered address	ELF ATOCHEM AGRI B.V.	p.o. box 6030		3196	Rotterdam			
PESTON:0600248	248	primary address	ELF ATOCHEM AGRI B.V.	bivio aspro zona industriale		96040	Belpasso			
PESTON:0600249	249	legally registered address | primary address	ELKAM S.R.L.	via g. cascino, 29/f		97019	Vittoria			
PESTON:0600250	250	legally registered address | primary address	EMME ITALIA S.R.L.	via cesare boldrini, 24		40121	Bologna			
PESTON:0600251	251	legally registered address | primary address	ENOTRIA S.P.A.							
PESTON:0600252	252	legally registered address	ERREGI S.R.L.	c.so vittorio emanuele ii 94, c/o studio cavallo e valzer		10121	Torino			
PESTON:0600253	253	primary address	ERREGI S.R.L.	c/o uffici crimea - piazza crimea, 2		10133	Torino			
PESTON:0600254	254	legally registered address | primary address	EUPHYTOR	18/20 avenue maximin martin		83550	Vidauban			
PESTON:0600255	255	legally registered address	EURO DISINFESTAZIONI DI VINCENZO CARPENZANO	via f.lli bandiera, 51		97100	Ragusa			
PESTON:0600256	256	primary address	EURO DISINFESTAZIONI DI VINCENZO CARPENZANO	via firenze, 7		97019	Vittoria			
PESTON:0600257	257	legally registered address | primary address	EURO TSA S.R.L.	via g. marconi, 13		24040	Fornovo San Giovanni			
PESTON:0600258	258	legally registered address	EUROAGRO S.R.L.	via maiella, 10		42100	Reggio Emilia			
PESTON:0600259	259	primary address	EUROAGRO S.R.L.	via ss. grisante e daria , 78		42100	Reggio Emilia			
PESTON:0600260	260	legally registered address | primary address	EUROBIOS S.R.L.	via papa giovanni xxiii, 14		71045	Orta Nova			
PESTON:0600261	261	legally registered address | primary address	EUROCENTRAL COMPANY	suite 23 park royal house, 23 park royal road		WC1B5LF	London			
PESTON:0600262	262	legally registered address | primary address	EUROZOLFI S.R.L.	c/o curatore fallimentare dr.ssa daniela furia c.so italia, 226		95030	Catania			
PESTON:0600263	263	legally registered address | primary address	EVERGREEN GARDEN CARE FRANCE SAS	4, allee des sequoias		69760	Limonest			
PESTON:0600264	264	legally registered address | primary address	EVERRIS INTERNATIONAL B.V.	koeweistraat, 2		4181CD	Waardenburg			
PESTON:0600265	265	legally registered address | primary address	EVONIK DEGUSSA GMBH	goldschmidtstrasse 100		45127	Essen			
PESTON:0600266	266	legally registered address | primary address	EVRIKLIS FITSAKIS - DAKOFAKA	vicolo dostoevskyij ai giorgis korakovouni		71410	Heraklion			
PESTON:0600267	267	legally registered address | primary address	EXCLUSIVAS SARABIA S.A.	poligono ind. fondo de litera, a2, km 441,6		E-22520	Fraga			
PESTON:0600268	268	legally registered address | primary address	EZCROP LTD	15 st. olave's business centre - malahide road			Kinsealy			
PESTON:0600269	269	legally registered address | primary address	FARMOL SAFCA	via montebianco, 6		24020	Gorle			
PESTON:0600270	270	legally registered address | primary address	FATRO							
PESTON:0600271	271	legally registered address | primary address	FATTORIA AUTONOMA TABACCHI	via oberdan, 12		6012	Città di Castello			
PESTON:0600272	272	legally registered address | primary address	FBC S.R.L.	via mancinelli, 11		20131	Milano			
PESTON:0600273	273	legally registered address | primary address	FEDERAZIONE ITALIANA DEI CONSORZI AGRARI	via curtatone, 3		185	Roma			
PESTON:0600274	274	legally registered address	FEDIS S.R.L.	via iv novembre, 13		37050	Angiari			
PESTON:0600275	275	primary address	FEDIS S.R.L.	c/o gamma international via francesca est 81		46040	Rodigo			
PESTON:0600276	276	legally registered address | primary address	FEINCHEMIE ITALIA S.R.L.	via madonnina, 33		37057	San Giovanni Lupatoto			
PESTON:0600277	277	legally registered address	FERTIPLANT S.R.L.	via c. de giorgi, 93		73100	Lecce			
PESTON:0600278	278	primary address	FERTIPLANT S.R.L.	via iv novembre, 18		73026	Melendugno			
PESTON:0600279	279	legally registered address	FIELD FARM S.R.L.	via colle dell'ara, 25		66100	Chieti			
PESTON:0600280	280	primary address	FIELD FARM S.R.L.	via s. pietro, 2		66010	Tollo			
PESTON:0600281	281	legally registered address | primary address	FILAGRO S.R.L.	via roma, 30		35040	Urbana			
PESTON:0600282	282	legally registered address | primary address	FILIA S.P.A.	via postal 41/b		38010	San Michele All'adige			
PESTON:0600283	283	legally registered address | primary address	FINCHIMICA S.P.A.	via lazio, 13		25025	Manerbio			
PESTON:0600284	284	legally registered address	FINE AGROCHEMICALS LTD	hill end house whittington		WR5 2	Worcester			
PESTON:0600285	285	primary address	FINE AGROCHEMICALS LTD	c/o g.a.b.a. s.r.l. via della divisione torino, 113		143	Roma			
PESTON:0600286	286	legally registered address	FIPA DI PAOLO FIOCCO	via portavalesella, 5g		35043	Monselice			
PESTON:0600287	287	primary address	FIPA DI PAOLO FIOCCO	via portavalesella, 5		35043	Monselice			
PESTON:0600288	288	legally registered address | primary address	FISONS ITALCHIMICI S.P.A.	via pontina km 29 civ. 5		40	Pomezia			
PESTON:0600289	289	legally registered address	FITOCHIMICA GIULIANA	via xxiv maggio, 8		34170	Gorizia			
PESTON:0600290	290	primary address	FITOCHIMICA GIULIANA	corso verdi, 69		34170	Gorizia			
PESTON:0600291	291	legally registered address	FIVAT INDUSTRIA CHIMICA S.P.A.	via castiglione, 6bis		10132	Torino			
PESTON:0600292	292	primary address	FIVAT INDUSTRIA CHIMICA S.P.A.	c/o argchemical via nazionale, 28		24068	Seriate			
PESTON:0600293	293	legally registered address | primary address	FLOWERS SET LIMITED	new maxdov house, 130 bury new road - prestwich		M25 0AA	Manchester			
PESTON:0600294	294	legally registered address | primary address	FMC CHEMICAL SPRL	rue royal 97, 4 floor		B-1000	Brussels			
PESTON:0600295	295	legally registered address	FMC CORPORATION	1735 market street		19103	Philadelphia			
PESTON:0600296	296	primary address	FMC CORPORATION							
PESTON:0600297	297	legally registered address | primary address	FMC FORET S.A.	plaza xavier cugat, 2, edificio c, planta 3a parque de oficinas		8174	Sant Cugat del Vallès			
PESTON:0600298	298	legally registered address	FORMENTI S.P.A.	via vittor pisani, 26		20124	Milano			
PESTON:0600299	299	primary address	FORMENTI S.P.A.	via correggio, 43		20149	Milano			
PESTON:0600300	300	legally registered address | primary address	FOS-DER S.R.L.	via b. luini, 56		20036	Meda			
PESTON:0600301	301	legally registered address | primary address	FRUNOL DELICIA GMBH	hansstrasse, 74 b		D 59425	Unna			
PESTON:0600302	302	legally registered address | primary address	FUTURECO BIOSCIENCE S.L.	avenida del cadi' 19-23 poligono industrial sant pere molanta		8799	Olerdola			
PESTON:0600303	303	legally registered address | primary address	GALENIKA-FITOFARMACIJA D.O.O.	trzaska cesta 515		SI-1351	Brezovica Pri Ljubljani			
PESTON:0600304	304	legally registered address	GAMMA INTERNATIONAL S.R.L.	via francesca est, 81		46040	Rodigo			
PESTON:0600305	305	primary address	GAMMA INTERNATIONAL S.R.L.	via parigi, 38 c/o general building		46047	Porto Mantovano			
PESTON:0600306	306	legally registered address | primary address	GANDINI							
PESTON:0600307	307	legally registered address | primary address	GARDA GMBH	rhodbergstrasse 19-21		D-65343	Eltville Am Rhein			
PESTON:0600308	308	legally registered address | primary address	GAT MICROENCAPSULATION AG	gewerbezone,1		A-2490	Ebenfurth			
PESTON:0600309	309	legally registered address | primary address	GENERICA EUROPA LIMITED	20-22 wenlock road		N1 7GU	London			
PESTON:0600310	310	legally registered address | primary address	GENETTI DI GENETTI KARL & C. KG S.A.S.	goldeggstrasse, 2/a		39011	Lana			
PESTON:0600311	311	legally registered address | primary address	GENETTI S.R.L.-GMBH	via parini, 4/a (con curatore fallimentare vedere note)		39012	Merano			
PESTON:0600312	312	legally registered address | primary address	GEOFIN S.P.A.	via crear, 15		37050	Oppeano			
PESTON:0600313	313	legally registered address | primary address	GHARDA CHEMICALS EUROPE LTD	core b, block 71, the plaza, park west		D12	Dublin			
PESTON:0600314	314	legally registered address | primary address	GHARDA CHEMICALS LTD	holbrook house, 72 lower addiscombe rd		CR9 6	Croydon			
PESTON:0600315	315	legally registered address | primary address	GLOBACHEM NV	lichtenberglaan, 2019		B-3803	Sint-Truiden			
PESTON:0600316	316	legally registered address | primary address	GOAL UP LIFESCIENCES GMBH	im zollhafen 18		D-50678	Cologne			
PESTON:0600317	317	legally registered address	GOWAN COMERCIO INTERNACIONAL E SERVICOS, LIMITADA	rua ivens n. 3-b mecia building, 6th floor		521	Funchal			
PESTON:0600318	318	primary address	GOWAN COMERCIO INTERNACIONAL E SERVICOS, LIMITADA	c/o dr. g. franco via l. barzini, 16		20125	Milano			
PESTON:0600319	319	legally registered address | primary address	GOWAN ITALIA S.R.L.	via gian battista morgagni, 68		48018	Faenza			
PESTON:0600320	320	legally registered address | primary address	GRABI CHEMICAL S.R.L.	via ruffini, 22		26100	Cremona			
PESTON:0600321	321	legally registered address | primary address	GREEN FARM S.R.L.	via fontana, 40		84016	Pagani			
PESTON:0600322	322	legally registered address	GREEN RAVENNA S.R.L.	via matteotti, 16		48121	Ravenna			
PESTON:0600323	323	primary address	GREEN RAVENNA S.R.L.	via dell'artigiano, 21		48033	Cotignola			
PESTON:0600324	324	legally registered address | primary address	GREEN TRADE S.R.L.	via ormelle, 23		31020	San Polo Di Piave			
PESTON:0600325	325	legally registered address | primary address	GREEN UP S.R.L.	corso porta borsari 1/a		37121	Verona			
PESTON:0600326	326	legally registered address	GREENLIGHT CHEMICALS S.R.L.	via camperio, 9		20123	Milano			
PESTON:0600327	327	primary address	GREENLIGHT CHEMICALS S.R.L.	via camperio, 9_		20123	Milano			
PESTON:0600328	328	legally registered address | primary address	GREENLOGY S.R.L.	strada comunale per campagna, 5		20078	San Colombano Al Lambro			
PESTON:0600329	329	legally registered address | primary address	GRIFFIN (EUROPE) S.A.	c/o griffin europe headquaters n.v minervastraat 8		1930	Zaventem			
PESTON:0600330	330	legally registered address | primary address	GRIFFIN CORPORATION	43, brook street		W1Y2B	London			
PESTON:0600331	331	legally registered address | primary address	GRIFFIN EUROPE HEADQUARTERS N.V.	minervastraat, 8		1930	Zaventem			
PESTON:0600332	332	legally registered address | primary address	GRIFFIN LLC	c/o griffin europe headquaters n.v minervastraat 8		1930	Zaventem			
PESTON:0600333	333	legally registered address | primary address	GRUPO AGROTECNOLOGIA	poligono puente alto, parcela 57			Orihuela			
PESTON:0600334	334	legally registered address | primary address	GUABER S.P.A.	via p. gobetti, 4		40050	Argelato			
PESTON:0600335	335	legally registered address	GUABER S.R.L.	via isonzo, 67		44033	Casalecchio Di Reno			
PESTON:0600336	336	primary address	GUABER S.R.L.	via a. gramsci, 41		40050	Argelato			
PESTON:0600337	337	legally registered address | primary address	HELM AG	nordkanalstrasse, 28		D-20097	Amburgo			
PESTON:0600338	338	legally registered address | primary address	HERBEX PRODUTOS QUIMICOS L.D.A	estrada de albarraque		2714541	Sintra			
PESTON:0600339	339	legally registered address	HERMOO BELGIUM N.V.	zepperenweg 257		3800	St. Truiden			
PESTON:0600340	340	primary address	HERMOO BELGIUM N.V.	zepperenweg 257		10126	St. Truiden			
PESTON:0600341	341	legally registered address	HOECHST SCHERING AGREVO GMBH				Frankfurt			
PESTON:0600342	342	primary address	HOECHST SCHERING AGREVO GMBH	54 mirau strasse		13509	Berlin			
PESTON:0600343	343	legally registered address | primary address	HOECHST SCHERING AGREVO S.A.	163 avenue gambetta		75020	Paris			
PESTON:0600344	344	legally registered address | primary address	I.B.G. S.R.L.	via b. bosco 57/3		16121	Genova			
PESTON:0600345	345	legally registered address	I.C.S. INDUSTRIA CHIMICA SUBALPINA S.P.A.	via monte napoleone, 27		20121	Milano			
PESTON:0600346	346	primary address	I.C.S. INDUSTRIA CHIMICA SUBALPINA S.P.A.	via 2 giugno, 9		20051	Limbiate			
PESTON:0600347	347	legally registered address | primary address	I.N.D.I.A. INDUSTRIE CHIMICHE S.P.A.	via ix strada, 55/57 zona industriale		35129	Padova			
PESTON:0600348	348	legally registered address | primary address	I.PI.CI S.P.A.	via f.lli beltrami, 11		20026	Novate Milanese			
PESTON:0600349	349	legally registered address | primary address	I.R.C.A. SERVICE S.P.A.	strada statale cremasca 591, n. 10		24040	Fornovo San Giovanni			
PESTON:0600350	350	legally registered address | primary address	I.T.A.C.O. CHIMICA S.R.L.	via del commercio, 6		41018	San Cesario Sul Panaro			
PESTON:0600351	351	legally registered address | primary address	ICL ITALIA TREVISO S.R.L.	via daniele monterumici, 8		31100	Treviso			
PESTON:0600352	352	legally registered address | primary address	ICO (INDUSTRIA CHIMICA ORGANICA) MASCIA S.R.L.	via s. liberatore,1		80039	Saviano			
PESTON:0600353	353	legally registered address | primary address	IDAFF I.C.G. S.P.A.	via ponte don melillo, 9		84084	Fisciano			
PESTON:0600354	354	legally registered address | primary address	IMEPIA							
PESTON:0600355	355	legally registered address	INDOFIL INDUSTRIES (NETHERLANDS) B.V.	piet heinkade, 55		NL 1019	Amsterdam			
PESTON:0600356	356	primary address	INDOFIL INDUSTRIES (NETHERLANDS) B.V.							
PESTON:0600357	357	legally registered address	INDOFIL INDUSTRIES LTD	kalpatu square, 4th floor, kondivita road, off. andheri kurla road		400 059	Andheri			
PESTON:0600358	358	primary address	INDOFIL INDUSTRIES LTD	c/o geda bp s.r.l. via rosellini, 12		20124	Milano			
PESTON:0600359	359	legally registered address	INDUSTRIA CHIMICA DEL MEZZOGIORNO S.P.A.	via ponte di tappia, 62		80133	Napoli			
PESTON:0600360	360	primary address	INDUSTRIA CHIMICA DEL MEZZOGIORNO S.P.A.	via tommaso salvini, 3		20100	Milano			
PESTON:0600361	361	legally registered address | primary address	INDUSTRIA CHIMICA SCARMAGNAN ALBERTO & C. S.A.S.	viale ungheria b3		37046	Minerbe			
PESTON:0600362	362	legally registered address | primary address	INDUSTRIA QUIMICA DE PORTUGUESA ESPANOLA S.L.	paseo la castellana, 23 1ra planta		28046	Madrid			
PESTON:0600363	363	legally registered address | primary address	INDUSTRIAL QUIMICA KEY S.A.	av. cervera, 17		E-25300	Tarrega			
PESTON:0600364	364	legally registered address | primary address	INDUSTRIALCHIMICA S.R.L.	via sorgaglia, 40		35020	Arre			
PESTON:0600365	365	legally registered address | primary address	INDUSTRIAS AFRASA S.A	pol. ind. fuente del jarro ciudad de sevilla, 53		E-46988	Paterna			
PESTON:0600366	366	legally registered address | primary address	INGEGNOLI F.LLI S.P.A.	corso buenos aires, 54		20124	Milano			
PESTON:0600367	367	legally registered address | primary address	INNVIGO SP. Z O.O.	al. jerozolimskie 178		02-486	Varsavia			
PESTON:0600368	368	legally registered address | primary address	INTERNATIONAL P.B.I. S.P.A. (GIA' POOL BIOANALISIS	via principe amedeo, 45		20100	Milano			
PESTON:0600369	369	legally registered address | primary address	INTERNAZIONALE B.P.D. S.R.L.							
PESTON:0600370	370	legally registered address	INTERTEC S.R.L.	via modigliani, 4		52100	Arezzo			
PESTON:0600371	371	primary address	INTERTEC S.R.L.	localita' ferrantina, 27		52011	Bibbiena			
PESTON:0600372	372	legally registered address | primary address	INTRACHEM BIO ITALIA S.P.A.	via xxv aprile, 44		24050	Grassobbio			
PESTON:0600373	373	legally registered address | primary address	IQV INDUSTRIAS QUIMICAS DEL VALLES S.A.	avenida rafael casanova, 81 mollet del valles		8100	Barcelona			
PESTON:0600374	374	legally registered address | primary address	IQV ITALIA S.R.L.	via del progresso, 2		65	Fiano Romano			
PESTON:0600375	375	legally registered address	ISAGRO COPPER S.R.L.	via felice casati, 20		20124	Milano			
PESTON:0600376	376	primary address	ISAGRO COPPER S.R.L.	centro uffici san siro fab. d ala 3 via caldera 21		20153	Milano			
PESTON:0600377	377	legally registered address | primary address	ISAGRO S.P.A.	centro uffici s.siro fabb. d ala 3 via caldera 21		20153	Milano			
PESTON:0600378	378	legally registered address	ISHIHARA SANGYO KAISHA LTD				Tokyo			
PESTON:0600379	379	primary address	ISHIHARA SANGYO KAISHA LTD							
PESTON:0600380	380	legally registered address | primary address	ISK BIOSCIENCES EUROPE N.V.	pegasus park, de kleetlaan 12b, bus 9		B-1831	Diegem			
PESTON:0600381	381	legally registered address | primary address	ITACA S.R.L.	via montegrappa, 7		24121	Bergamo			
PESTON:0600382	382	legally registered address | primary address	ITAGRO S.A.S DI AGNESE CLAUDIO & C.	corso italia - loc. s. andrea		18033	Camporosso			
PESTON:0600383	383	legally registered address	ITAL-AGRO S.R.L.	via durini, 15			Milano			
PESTON:0600384	384	primary address	ITAL-AGRO S.R.L.	via v.veneto, 81		26857	Salerano Sul Lambro			
PESTON:0600385	385	legally registered address	ITALCHIMICA	via torretta fiorillo, 41		80040	Torre Del Greco			
PESTON:0600386	386	primary address	ITALCHIMICA	via ponte della gatta, 4		80040	Torre Del Greco			
PESTON:0600387	387	legally registered address | primary address	JADE - JARDIN AGRICULTURE DEVELOPPEMENT	parc cadera sud, avenue ariane cs 60027		F-33693	Merignac			
PESTON:0600388	388	legally registered address | primary address	JANSSEN PHARMACEUTICA N.V.	turnhoutseweg, 30		B-2340	Beerse			
PESTON:0600389	389	legally registered address | primary address	JANSSEN PMP - DIVISIONE DI JANSSEN PHARMACEUTICA N.V.	turnhoutseweg, 30		B-2340	Beerse			
PESTON:0600390	390	legally registered address | primary address	JANSSEN-CILAG S.P.A.	via michelangelo buonarroti, 23		20093	Cologno Monzese			
PESTON:0600391	391	legally registered address | primary address	K-I CHEMICAL EUROPE SA	boulevard de la woluwe, 60		B-1200	Brussels			
PESTON:0600392	392	legally registered address | primary address	KANESHO SOIL TREATMENT SPRL/BVBA	avenue de tervueren 270		B-110	Brussels			
PESTON:0600393	393	legally registered address | primary address	KARNIN CONSULTING E K. GMBH	oscar coester weg 10		D-81479	Munich			
PESTON:0600394	394	legally registered address | primary address	KEMIO	via m. pantaleoni, 31		191	Roma			
PESTON:0600395	395	legally registered address	KEMIPHARM S.R.L.	via buttieri 9		44045	Renazzo			
PESTON:0600396	396	primary address	KEMIPHARM S.R.L.	via bittieri, 9		44045	Renazzo			
PESTON:0600397	397	legally registered address | primary address	KOCIDE CHEMICAL CORPORATION	via t. invrea, 12/3		16129	Genova			
PESTON:0600398	398	legally registered address	KOLLANT S.R.L.	via cristoforo colombo, 7/7a		35121	Vigonovo			
PESTON:0600399	399	primary address	KOLLANT S.R.L.	via c. colombo, 7/7a		30030	Vigonovo			
PESTON:0600400	400	legally registered address | primary address	KOPPERT B.V.	veilingweg 14-17 p.o. box 155		AD-2650	Berkel en Rodenrijs			
PESTON:0600401	401	legally registered address	KOPPERT ITALIA S.R.L.	via delle nazioni, 7		37012	Bussolengo			
PESTON:0600402	402	primary address	KOPPERT ITALIA S.R.L.	via delle nazioni, 7			Bussolengo			
PESTON:0600403	403	legally registered address | primary address	KWIZDA AGRO GMBH	universitŠtsring 6		A-1010	Vienna			
PESTON:0600404	404	legally registered address | primary address	KWIZDA ITALIA S.R.L.	via amendola, 17		40121	Bologna			
PESTON:0600405	405	legally registered address	L. GOBBI S.R.L.	via b. bosco, 57/2		16121	Genova			
PESTON:0600406	406	primary address	L. GOBBI S.R.L.	via vallecalda, 33		16013	Genova			
PESTON:0600407	407	legally registered address	L.I.F.A. S.R.L.	piazza petrarca, 7		35137	Padova			
PESTON:0600408	408	primary address	L.I.F.A. S.R.L.	via c.colombo, 7/7a		30030	Vigonovo			
PESTON:0600409	409	legally registered address | primary address	LABORATOIRES GOEMAR S.A.	za la madeleine, av. du gl patton		35418	Saint Malo			
PESTON:0600410	410	legally registered address | primary address	LABORATORIO BIOFARMACOTECNICO ITALIANO S.R.L.	via tito speri, 3/5		20028	San Vittore Olona			
PESTON:0600411	411	legally registered address | primary address	LABORATORIOS AGROCHEM S.L.	c/ tres rieres, pol. ind. sud		8292	Esparreguera			
PESTON:0600412	412	legally registered address | primary address	LAINCO S.A.	poligono industrial can jardi, avda. bizet 8-12		8191	Rubi			
PESTON:0600413	413	legally registered address	LENA S.R.L.	p.za iv novembre, 4		20124	Milano			
PESTON:0600414	414	primary address	LENA S.R.L.	via dei mille, 10			Appiano Gentile			
PESTON:0600415	415	legally registered address | primary address	LEVINGTON HORTICULTURE LTD	paper mill lane, bramford			Ipswich			
PESTON:0600416	416	legally registered address | primary address	LG LIFE SCIENCES UK LTD	5 floor, 17 hanover square		W1S 1HU	London			
PESTON:0600417	417	legally registered address	LIBCO	via tacito, 1		20094	Corsico			
PESTON:0600418	418	primary address	LIBCO	via galvani, 4		20094	Corsico			
PESTON:0600419	419	legally registered address | primary address	LINDE GAS ITALIA S.R.L.	via guido rossa, 3		20010	Arluno			
PESTON:0600420	420	legally registered address | primary address	LINFA S.P.A. CURA DEL VERDE	via mattei, 6		42043	Gattatico			
PESTON:0600421	421	legally registered address | primary address	LONZA COLOGNE GMBH	nattermannalee, 1		D-50829	Cologne			
PESTON:0600422	422	legally registered address | primary address	LUXAN	p.o. box 9			Elst			
PESTON:0600423	423	legally registered address | primary address	LUXEMBOURG PAMOL (CYPRUS) LTD	flat, 54 evagoras court, 31 evagoras avenue		CY-1066	Nicosia			
PESTON:0600424	424	legally registered address | primary address	M2I BIOCONTROL	112 bureaux de la colline, 1 rue royale		92 213	Saint-Cloud			
PESTON:0600425	425	legally registered address | primary address	MAGAN ITALIA S.R.L.	via g. falcone, 13		24121	Bergamo			
PESTON:0600426	426	legally registered address	MAKHTESHIM AGAN HOLLAND B.V.	arnhemseweg 87, p.o. box 355		3830	Leusden			
PESTON:0600427	427	primary address	MAKHTESHIM AGAN HOLLAND B.V.	c/o makhteshim agan italia s.r.l. via g. verdi, 12		24121	Bergamo			
PESTON:0600428	428	legally registered address | primary address	MANICA S.P.A.	via dell'adige, 4		38068	Rovereto			
PESTON:0600429	429	legally registered address	MARGARITA INTERNATIONAL	rua do bom jesus, 18 3 esq.		9050028	Funchal			
PESTON:0600430	430	primary address	MARGARITA INTERNATIONAL	margarita international c/o dr. gianni franco via l. barzini,16		20125	Milano			
PESTON:0600431	431	legally registered address | primary address	MARGESIN S.P.A.							
PESTON:0600432	432	legally registered address | primary address	MARK S.R.L.	viale bianca maria, 25		20122	Milano			
PESTON:0600433	433	legally registered address | primary address	MASTRA S.R.L.	via s. quintino, 28		10121	Torino			
PESTON:0600434	434	legally registered address | primary address	MAYER BRAUN DEUTSCHLAND S.R.L.	via brigata marche, 129		31030	Carbonera			
PESTON:0600435	435	legally registered address | primary address	MEDISAN DI CARDONA DR.SSA GABRIELLA	via reiss romoli, 122/12		10148	Torino			
PESTON:0600436	436	legally registered address	MENNO CHEMIE-VERTRIEBSGES GMBH	langer kamp 104		D-22850	Norderstedt			
PESTON:0600437	437	primary address	MENNO CHEMIE-VERTRIEBSGES GMBH	lanter kamp 104		D-22850	Norderstedt			
PESTON:0600438	438	legally registered address | primary address	MENORA GMBH	metahofgasse 30		8020	Graz			
PESTON:0600439	439	legally registered address | primary address	MGK MCLAUGHLIN GORMLEY KING EUROPE LTD	mcdowell purcell solicitors suite 401 - the capel building, mary's abbey		DO7N4C6	Dublin			
PESTON:0600440	440	legally registered address | primary address	MICROCIDE LTD	shepherds grove, stanton-bury st. edmunds		IP31 2AR	Suffolk			
PESTON:0600441	441	legally registered address | primary address	MIRE S.R.L.	via solforata km 10,750		40	Pomezia			
PESTON:0600442	442	legally registered address | primary address	MITSUI AGRISCIENCE INTERNATIONAL S.A./N.V.	avenue de tervueren 270		B-110	Brussels			
PESTON:0600443	443	legally registered address | primary address	MITSUI CHEMICALS EUROPE GMBH	oststrasse, 34		D-40211	Dusseldorf			
PESTON:0600444	444	legally registered address | primary address	MONSANTO AGRICOLTURA ITALIA S.P.A.	via g. spadolini, 5 palazzo a		20141	Milano			
PESTON:0600445	445	legally registered address | primary address	MONTANWERKE BRIXLEGG AG	postfach 19		A-6230	Brixlegg			
PESTON:0600446	446	legally registered address | primary address	MONTECHIMICA PRODOTTI CHIMICI S.N.C.	v.le del lavoro, 13/15		36050	Gambugliano			
PESTON:0600447	447	legally registered address	MONTEVIVO S.N.C. (INDUSTRIA PRODOTTI CHIMICI)	via pratignone, 1		50053	Empoli			
PESTON:0600448	448	primary address	MONTEVIVO S.N.C. (INDUSTRIA PRODOTTI CHIMICI)	volta mercanti, 2		50122	Firenze			
PESTON:0600449	449	legally registered address	N. SGARAVATTI & C. S.P.A.	via nazionale, 119		52020	Pergine Valdarno			
PESTON:0600450	450	primary address	N. SGARAVATTI & C. S.P.A.	casella postale 82		52025	Montevarchi			
PESTON:0600451	451	legally registered address | primary address	NATAN S.R.L.	via roma, 35		42049	Sant'ilario D'enza			
PESTON:0600452	452	legally registered address	NATURAL PLANT PROTECTION S.A.S.	35, avenue leon blum		64 000	Pau			
PESTON:0600453	453	primary address	NATURAL PLANT PROTECTION S.A.S.	route d'artix - b.p. 80		64 150	Nougueres			
PESTON:0600454	454	legally registered address	NEW AGRI S.R.L.	via bovio, 110		65100	Pescara			
PESTON:0600455	455	primary address	NEW AGRI S.R.L.	via aterno, 30		66020	San Giovanni Teatino			
PESTON:0600456	456	legally registered address | primary address	NEWPHARM S.R.L.	via tremarende, 22		35010	Santa Giustina in Colle			
PESTON:0600457	457	legally registered address	NICHINO EUROPE CO LTD	5 pioneer court, vision park, histon		CB24 9PT	Cambridge			
PESTON:0600458	458	primary address	NICHINO EUROPE CO LTD							
PESTON:0600459	459	legally registered address | primary address	NIHON NOHYAKU CO. LTD	5 pioneer court, vision park, histon		CB24 9PT	Cambridge			
PESTON:0600460	460	legally registered address | primary address	NISSAN CHEMICAL EUROPE S.A.S	parc d'affaires de crecy 2, 10a rue de la voie lactee		69370	Saint Didier Au Mont D'or			
PESTON:0600461	461	legally registered address | primary address	NISSO CHEMICAL EUROPE GMBH	berliner allee 42		40212	Dusseldorf			
PESTON:0600462	462	legally registered address | primary address	NORDOX AS	ostensjoveien, 13		N-066	Oslo			
PESTON:0600463	463	legally registered address | primary address	NOVAFITO S.P.A.	via f.lli beltrami, 15		20026	Novate Milanese			
PESTON:0600464	464	legally registered address | primary address	NOVAMONT S.P.A.	via g. fauser, 8		28100	Novara			
PESTON:0600465	465	legally registered address | primary address	NOVARTIS ANIMAL HEALTH S.P.A.	strada statale, 233 km 20,5		21040	Origgio			
PESTON:0600466	466	legally registered address | primary address	NOVOZYMES A/S	krogshoejvej 36		DK-2880	Bagsvaerd			
PESTON:0600467	467	legally registered address | primary address	NOVOZYMES FRANCE SAS	parc technologiques des grillons - 60 route de sartrouville - bat. 6^		78232	Le Pecq			
PESTON:0600468	468	legally registered address	NUFARM B.V.	haven 4150, welplaatweg 12 3197 ks botlek			Rotterdam			
PESTON:0600469	469	primary address	NUFARM B.V.	haven 4150, welplaatweg 12		3197	Rotterdam			
PESTON:0600470	470	legally registered address | primary address	NUFARM GMBH & CO KG	s. peter strasse 25 p.o. box 21		A-4021	Linz			
PESTON:0600471	471	legally registered address	NUFARM ITALIA S.R.L.	viale luigi majno, 17/a		20100	Milano			
PESTON:0600472	472	primary address	NUFARM ITALIA S.R.L.	via guelfa, 5		40138	Bologna			
PESTON:0600473	473	legally registered address | primary address	NUFARM S.A.S.	28, boulevard camelinat boite postale 75		92230	Gennevilliers			
PESTON:0600474	474	legally registered address | primary address	NUFARM UK LTD	wyke bradford		BD 12 9EJ	West Yorkshire			
PESTON:0600475	475	legally registered address | primary address	NUOVA FITOCHIMICA S.R.L.	strada provinciale 193/bis km 33,950		27035	Mede			
PESTON:0600476	476	legally registered address | primary address	NUOVA SUNCHEMICAL S.R.L.	via calzolara, 1		40053	Bazzano			
PESTON:0600477	477	legally registered address | primary address	NUOVE AZIENDE AGRARIE S.P.A.	via fersina, 2		38100	Trento			
PESTON:0600478	478	legally registered address	ORIS S.P.A.	via carroccio, 8		20123	Milano			
PESTON:0600479	479	primary address	ORIS S.P.A.	via sempione, 195		20016	Pero			
PESTON:0600480	480	legally registered address | primary address	ORO AGRI INTERNATIONAL LTD	bankastraat, 75		NL9715CJ	Groningen			
PESTON:0600481	481	legally registered address | primary address	ORVITAL S.P.A.	via darwin, 63		20019	Settimo Milanese			
PESTON:0600482	482	legally registered address | primary address	OVERTY S.R.L.	via vinca, 9/11		40016	San Giorgio Di Piano			
PESTON:0600483	483	legally registered address | primary address	P.K. PLANT KEMICAL S.R.L.	via tadi, 29		35139	Padova			
PESTON:0600484	484	legally registered address | primary address	PA.MAG S.R.L.	strada pastrengo, 24			Parma			
PESTON:0600485	485	legally registered address | primary address	PAC S.R.L.	via g.m. scotti, 8		24122	Bergamo			
PESTON:0600486	486	legally registered address | primary address	PANZERA S.A.S.	regione olmi, 78		10041	Carignano			
PESTON:0600487	487	legally registered address | primary address	PASQUALE MORMINO & FIGLIO S.R.L.	via lungomolo, 16		90018	Termini Imerese			
PESTON:0600488	488	legally registered address	PAVONI & C. S.p.A.	corso italia, 207		95127	Catania			
PESTON:0600489	489	primary address	PAVONI & C. S.p.A.	via catania, 17		95040	Ramacca			
PESTON:0600490	490	legally registered address	PETRONAS LUBRICANTS ITALY S.P.A. - DIVISIONE RONDINE	via santena, 1		10029	Villastellone			
PESTON:0600491	491	primary address	PETRONAS LUBRICANTS ITALY S.P.A. - DIVISIONE RONDINE	via sempione, 191		20016	Pero			
PESTON:0600492	492	legally registered address | primary address	PHYTEUROP S.A.	avenue de la grande armŽe, 83		F-75782	Paris			
PESTON:0600493	493	legally registered address | primary address	PHYTORUS S.A.	parc d'ariane batiment b11 bld de la grande thumin		13090	Aix en Provence			
PESTON:0600494	494	legally registered address | primary address	PILARQUIM EUROPE LTD	carmelite, 50 victoria embankmetn blackfriars		EC4YODX	London			
PESTON:0600495	495	legally registered address	PIONEER HI-BRED ITALIA S.R.L.	via pari opportunita', 2		26030	Gadesco-Pieve Delmona			
PESTON:0600496	496	primary address	PIONEER HI-BRED ITALIA S.R.L.	via dei comizi agrari, 10		26100	Cremona			
PESTON:0600497	497	legally registered address | primary address	PISCO S.P.A.	s.s. pontina km 101 borgo hermada		4019	Terracina			
PESTON:0600498	498	legally registered address	PLAASKEM ITALIA S.R.L.	via montegrappa, 7		24121	Bergamo			
PESTON:0600499	499	primary address	PLAASKEM ITALIA S.R.L.	via moscova, 40		25	Legnano			
PESTON:0600500	500	legally registered address | primary address	PLANT CHEM S.R.L.	corso porta borsari, 1/a		37121	Verona			
PESTON:0600501	501	legally registered address | primary address	PM CHEMICALS S.R.L.	via monteverdi, 11		20131	Milano			
PESTON:0600502	502	legally registered address | primary address	POLISENIO S.R.L.	via s.andrea, 10		48022	Lugo			
PESTON:0600503	503	legally registered address | primary address	PRATO LONGHI DI F. LONGHI	via s. lucia, 44		20052	Monza			
PESTON:0600504	504	legally registered address | primary address	PRO.PHY.M SARL	z.i. les attignours		7130	La Chambre			
PESTON:0600505	505	legally registered address | primary address	PROBELTE S.A.	c.tra de madrid km 384,6 - p.i. el tiro		E-30100	Espinardo			
PESTON:0600506	506	legally registered address | primary address	PROBODELT S.L	c/ brasil 10-12, 2¼ 2»		E-43870	Amposta			
PESTON:0600507	507	legally registered address | primary address	PROCHIMAG DI MANDRIOLI GIUSEPPE	via byron, 10		40128	Bologna			
PESTON:0600508	508	legally registered address	PROCHIMAG ITALIA S.R.L.	via aldini, 28		40136	Bologna			
PESTON:0600509	509	primary address	PROCHIMAG ITALIA S.R.L.	via statale 365/e		44040	Dosso			
PESTON:0600510	510	legally registered address	PROGRAM S.R.L.	via b. marcello, 24		20124	Milano			
PESTON:0600511	511	primary address	PROGRAM S.R.L.	via g. galilei,5		20060	Ornago			
PESTON:0600512	512	legally registered address | primary address	PROPLAN PLANT PROTECTION COMPANY S.L.	valle del roncal, 12-1^ pl. oficina n. 7		28232	Las Rozas De Madrid			
PESTON:0600513	513	legally registered address | primary address	PROQUIMICOS S.A.	calle 36 santafe' de bogota' (colombia)		NO78A				
PESTON:0600514	514	legally registered address | primary address	PROTEMA S.R.L.	via prandina, 28		20128	Milano			
PESTON:0600515	515	legally registered address | primary address	PROTEO INTERNATIONAL S.R.L.	corso iv novembre, 13		12073	Ceva			
PESTON:0600516	516	legally registered address | primary address	PROVIFARM S.R.L.	v.le adriatico, 143		141	Roma			
PESTON:0600517	517	legally registered address | primary address	QUIMETAL INTERNACIONAL REGISTROS E INVERSIONES S.L.	los torneros, 14 - poligono industriale los angeles			Getafe			
PESTON:0600518	518	legally registered address | primary address	RAFFINERIE ALMAGIA'							
PESTON:0600519	519	legally registered address | primary address	RATTICIDA VENETA DI FARLENGA M. E G. & C. S.A.S.	via del bersagliere, 29		37123	Verona			
PESTON:0600520	520	legally registered address	RAVEN ZOLFI DI LA MENDOLA & C.S.R.L.	scalo ff.ss.		92023	Campobello Di Licata			
PESTON:0600521	521	primary address	RAVEN ZOLFI DI LA MENDOLA & C.S.R.L.	contrada sciabani (agro di naro)		92023	Campobello Di Licata			
PESTON:0600522	522	legally registered address | primary address	RAVIER DOMENICO & CO. S.N.C.	p.zza dante, 89		80135	Napoli			
PESTON:0600523	523	legally registered address | primary address	REA S.P.A.	s.s. 87 km 20,700		81025	Marcianise			
PESTON:0600524	524	legally registered address	REALCHEMIE NEDERLAND B.V.	pastoor harkxplein, 27		NL 5614HX	Eindhoven			
PESTON:0600525	525	primary address	REALCHEMIE NEDERLAND B.V.	c/o studio legale riva e associati via del conservatorio 15		20100	Milano			
PESTON:0600526	526	legally registered address | primary address	RECKITT & COLMANN ITALIA S.P.A.	via grosio, 10/8		20151	Milano			
PESTON:0600527	527	legally registered address	RHIZOPON B.V	rijndijk 263a postbus 110		2394	Ce Hazerswoude			
PESTON:0600528	528	primary address	RHIZOPON B.V	via bazzano, 12		16019	Ronco Scrivia			
PESTON:0600529	529	legally registered address | primary address	RICEMADEIRA COMPANY EUROPE	rua 31 de janeiro 81/a			Funchal			
PESTON:0600530	530	legally registered address | primary address	ROCCA FRUTTA S.R.L.	via ravenna, 1114		44040	Gaibana			
PESTON:0600531	531	legally registered address | primary address	ROHM AND HAAS ITALIA S.R.L.	via della filanda s.n.c.		20064	Gessate			
PESTON:0600532	532	legally registered address	ROLOIL S.R.L.	via turati, 3		20100	Milano			
PESTON:0600533	533	primary address	ROLOIL S.R.L.	via mozart, 47		20093	Cologno Monzese			
PESTON:0600534	534	legally registered address | primary address	ROTAM AGROCHEMICAL EUROPE LIMITED	hamilton house, mabledon place,		9BB	London			
PESTON:0600535	535	legally registered address	RS CHEMICALS ITALIA S.R.L. SOCIO UNICO	piazza gianbattista bodoni, 3		10123	Torino			
PESTON:0600536	536	primary address	RS CHEMICALS ITALIA S.R.L. SOCIO UNICO							
PESTON:0600537	537	legally registered address | primary address	S.A.I.M. MINIERE DI ZOLFO S.R.L.	via a. manzoni, 61		80123	Napoli			
PESTON:0600538	538	legally registered address | primary address	S.A.R.I.A.F. S.P.A.							
PESTON:0600539	539	legally registered address | primary address	S&B CONSULT SNC	via prospero alpino, 76		154	Roma			
PESTON:0600540	540	legally registered address	SABERO ORGANICS GUJARAT LIMITED	a 302 phoenix house senapati bapat marg worli (e)		400013	Mumbai			
PESTON:0600541	541	primary address	SABERO ORGANICS GUJARAT LIMITED	c/o sabero europe b.v. markerwaardweg 8 po box 23		1606	Venhuizen			
PESTON:0600542	542	legally registered address | primary address	SAFFA							
PESTON:0600543	543	legally registered address	SAIBI S.P.A.	via trinita poli, 1		71044	Margherita Di Savoia			
PESTON:0600544	544	primary address	SAIBI S.P.A.	via principe eugenio, 1		20151	Milano			
PESTON:0600545	545	legally registered address | primary address	SANTA RITA MERCANTILE C.O.	p.zza stesicoro, 59		95131	Catania			
PESTON:0600546	546	legally registered address | primary address	SASEA			20100	Milano			
PESTON:0600547	547	legally registered address | primary address	SBM DEVELOPPEMENT S.A.S.	60, chemin des mouilles		F-69130	Ecully			
PESTON:0600548	548	legally registered address | primary address	SCAM S.P.A.	strada bellaria, 164		41100	Modena			
PESTON:0600549	549	legally registered address | primary address	SEDQ - HEALTHY CROPS S.L.	c/ llull, 41		8005	Barcelona			
PESTON:0600550	550	legally registered address | primary address	SEIPASA S.A.	c/almudevar, 2		E-22240	Tardienta			
PESTON:0600551	551	legally registered address | primary address	SELEZIONE PAC S.R.L.	via tonale, 15		24061	Albano Sant'Alessandro			
PESTON:0600552	552	legally registered address	SEMIOSBIO TECHNOLOGIES INC.	c/o chatim b.v. valkenburgerweg 223		6419AT	Heerlen			
PESTON:0600553	553	primary address	SEMIOSBIO TECHNOLOGIES INC.							
PESTON:0600554	554	legally registered address | primary address	SEPRAN S.A.S.	via brenta, 20		36033	Isola Vicentina			
PESTON:0600555	555	legally registered address	SEPRO CORPORATION	north meridian street,suite 600		11550	Carmel, Indiana			
PESTON:0600556	556	primary address	SEPRO CORPORATION	c/o tsge ltd conyngham hall		HG59AY	Knaresborough			
PESTON:0600557	557	legally registered address	SER S.P.A.	via iv novembre, 30		12025	Dronero			
PESTON:0600558	558	primary address	SER S.P.A.	via della quaglia, 26		10026	Santena			
PESTON:0600559	559	legally registered address | primary address	SERBIOS S.R.L.	via enrico fermi, 112		45021	Badia Polesine			
PESTON:0600560	560	legally registered address | primary address	SERBROM EREDI MANENTI MICHELE DI ASSENZA PARISI GIOVANNA & SNC	contrada arizza		97018	Scicli			
PESTON:0600561	561	legally registered address | primary address	SHARDA CROPCHEM ESPANA S.L.	edificio atalayas business center, carril condomina n. 3, 12th floor		30006	Murcia			
PESTON:0600562	562	legally registered address | primary address	SHARDA CROPCHEM LIMITED	domnic holm, 29th road, bandra (w)		400 050	Mumbai			
PESTON:0600563	563	legally registered address | primary address	SHARDA EUROPE B.V.B.A.	jozef mertensstraat 142		B-1702	Dilbeek			
PESTON:0600564	564	legally registered address	SHARDA WORLDWIDE EXPORTS PVT. LTD	domnic holm, 29th road			Bandra			
PESTON:0600565	565	primary address	SHARDA WORLDWIDE EXPORTS PVT. LTD	c/o sharda europe b.v.b.a. - heedstraat 58		1730	Asse			
PESTON:0600566	566	legally registered address | primary address	SHELL ITALIA S.P.A.							
PESTON:0600567	567	legally registered address | primary address	SIAPA S.R.L.	centro uffici san siro fab. d ala 1 via caldera 21		20153	Milano			
PESTON:0600568	568	legally registered address | primary address	SICIL IMPORT-EXPORT S.R.L.	via gen. cascino, 33/a		97019	Vittoria			
PESTON:0600569	569	legally registered address | primary address	SICIT GROUP S.P.A.	via arzignano, 80		36072	Chiampo			
PESTON:0600570	570	legally registered address	SILIA S.P.A.	via borgonuovo, 14		20121	Milano			
PESTON:0600571	571	primary address	SILIA S.P.A.	via nettunense km. 23.400		4011	Aprilia			
PESTON:0600572	572	legally registered address	SIMAR S.R.L.	vicolo della tromba, 15		27026	Garlasco			
PESTON:0600573	573	primary address	SIMAR S.R.L.	via industria, 6		27020	Tromello			
PESTON:0600574	574	legally registered address | primary address	SIMONIS B.V.	p.o. box 620		7000 AP	Doetinchem			
PESTON:0600575	575	legally registered address | primary address	SINON EU CORPORATION	170, boulevard haussmann		75008	Paris			
PESTON:0600576	576	legally registered address | primary address	SINON EU GMBH	im alten dorfe, 37 (volksdorf)		D-22359	Hamburg			
PESTON:0600577	577	legally registered address | primary address	SIPCAM IBERIA S.L.	c/profesor beltran baguena, 5		46009	Valencia			
PESTON:0600578	578	legally registered address | primary address	SIPCAM INAGRA S.A.	c/profesor beltran baguena, 5		46009	Valencia			
PESTON:0600579	579	legally registered address	SIPCAM ITALIA S.P.A.	via carroccio, 8		20123	Milano			
PESTON:0600580	580	primary address	SIPCAM ITALIA S.P.A.	via sempione, 195		20016	Pero			
PESTON:0600581	581	legally registered address	SIPCAM OXON S.P.A.	via carroccio, 8		20123	Milano			
PESTON:0600582	582	primary address	SIPCAM OXON S.P.A.	via sempione, 195		20016	Pero			
PESTON:0600583	583	legally registered address	SIPCAM S.P.A.	via carroccio, 8		20123	Milano			
PESTON:0600584	584	primary address	SIPCAM S.P.A.	via sempione, 195		20016	Pero			
PESTON:0600585	585	legally registered address | primary address	SIPLAST S.P.A.	via gambitta conforto		98071	Capo D'orlando			
PESTON:0600586	586	legally registered address | primary address	SIPSA S.R.L.	via e. torricelli, 2		48010	Cotignola			
PESTON:0600587	587	legally registered address | primary address	SIS SOCIETA' ITALIANA STERILIZZAZIONI S.P.A	via palestro, 241		97019	Vittoria			
PESTON:0600588	588	legally registered address | primary address	SIVAM S.P.A.	via xxv aprile, 4		26841	Casalpusterlengo			
PESTON:0600589	589	legally registered address | primary address	SO.CHI.MED. S.R.L.	via salemi, 150		91025	Marsala			
PESTON:0600590	590	legally registered address | primary address	SOCHIMIA							
PESTON:0600591	591	legally registered address	SOCHIMISI S.P.A.	via ugo la malfa,169		95100	Palermo			
PESTON:0600592	592	primary address	SOCHIMISI S.P.A.	via ugo la malfa, 169		95100	Palermo			
PESTON:0600593	593	legally registered address | primary address	SOCIETA' ELETTROCHIMICA DI BORGOFRANCO S.R.L.	via regione grange, 4		10013	Borgofranco D'ivrea			
PESTON:0600594	594	legally registered address | primary address	SOCIETE OCCITANE DE FABRICATIONS ET DE TECHNOLOGIES (S.O.F.T.)	parc d'activite du canalet		11210	Port La Nouvelle			
PESTON:0600595	595	legally registered address | primary address	SOCIETE' FINANCIERE DE PONTARLIER (SFP)	11 boulevard de la grande thumine - parc d'ariane - bat b		13090	Aix en Provence			
PESTON:0600596	596	legally registered address | primary address	SOCOA S.A.S.	via larga, 34/2		40138	Bologna			
PESTON:0600597	597	legally registered address	SOCOA TRADING S.R.L.	via dei bizantini, 242		88046	Lamezia Terme			
PESTON:0600598	598	primary address	SOCOA TRADING S.R.L.	via dei bizantini, 242		40138	Lamezia Terme			
PESTON:0600599	599	legally registered address | primary address	SOCOOR S.R.L.	via mauro macchi, 65		20124	Milano			
PESTON:0600600	600	legally registered address	SOLFOCHIMICA S.R.L.	via della liberta', 60		92010	Realmonte			
PESTON:0600601	601	primary address	SOLFOCHIMICA S.R.L.	via stesicoro, 50/a		97100	Ragusa			
PESTON:0600602	602	legally registered address | primary address	SOLPLANT LTD	block a 5th floor, the atrium, blackthorn road sandyford			Dublin			
PESTON:0600603	603	legally registered address	SOLPLANT S.P.A.	via provinciale, 132		40056	Crespellano			
PESTON:0600604	604	primary address	SOLPLANT S.P.A.	via s.sofia, 21		20122	Milano			
PESTON:0600605	605	legally registered address	SOLVAY BARIO E DERIVATI (SABED) S.P.A.	via piave, 6		57016	Rosignano Marittimo			
PESTON:0600606	606	primary address	SOLVAY BARIO E DERIVATI (SABED) S.P.A.	via degli oliveti, 84		54100	Province of Massa-Carrara			
PESTON:0600607	607	legally registered address | primary address	SOLVAY CHIMICA ITALIA S.P.A	via turati, 12		20121	Milano			
PESTON:0600608	608	legally registered address | primary address	SOXSYS.COM S.R.L.	via giosue' carducci, 39		34122	Trieste			
PESTON:0600609	609	legally registered address	SP SOURCON PADENA GMBH	sindelfinger strasse, 3		D-72070	Tubingen			
PESTON:0600610	610	primary address	SP SOURCON PADENA GMBH	sede secondaria via g. matteotti 16		48121	Ravenna			
PESTON:0600611	611	legally registered address | primary address	SPIESS URANIA CHEMICALS GMBH	frankenstrasse 18b		D-20097	Amburgo			
PESTON:0600612	612	legally registered address | primary address	START-UP S.A.S. DI GALANTI SERGIO E C.	via m. dalmonte, 5		40135	Bologna			
PESTON:0600613	613	legally registered address | primary address	STAUFFER CHEMICAL ITALIA S.P.A.	via s. sofia, 21		20122	Milano			
PESTON:0600614	614	legally registered address | primary address	STERILTECNICA DI ROSARIO BATTAGLIA	via serrante, 2		4022	Fondi			
PESTON:0600615	615	legally registered address | primary address	STI SOLFOTECNICA ITALIANA S.P.A.	via g. matteotti, 16		48100	Ravenna			
PESTON:0600616	616	legally registered address | primary address	SULPHUR MILLS LTD	c/o unity clothings ltd bmw bld off derby street		BL 36SZ	Bolton			
PESTON:0600617	617	legally registered address | primary address	SUMITOMO CHEMICAL AGRO EUROPE S.A.S.	10a, rue de la voie lactee		69771	Saint Didier Au Mont D'or			
PESTON:0600618	618	legally registered address | primary address	SUMITOMO CHEMICAL ITALIA S.R.L.	centro uffici s.siro fabb. d ala 1 via caldera 21		20153	Milano			
PESTON:0600619	619	legally registered address | primary address	SUMITOMO CORPORATION ITALIA S.P.A.	via valtellina, 63		20159	Milano			
PESTON:0600620	620	legally registered address | primary address	SUN COMPANY S.R.L.	via felice cavallotti, 18		26900	Codogno			
PESTON:0600621	621	legally registered address | primary address	SUNCHEMICAL S.N.C. DI DELLA VALENTINA MARIA	via calzolara, 1		40053	Bazzano			
PESTON:0600622	622	legally registered address | primary address	SUTERRA EUROPE BIOCONTROL S.L.	edificio america, plaza de america 2 pt. 9		E-46002	Valencia			
PESTON:0600623	623	legally registered address | primary address	SYNGENTA CROP PROTECTION AG	rosentalstrasse 67		CH-4002	Basilea			
PESTON:0600624	624	legally registered address	SYNGENTA ITALIA S.P.A.	via fulvio testi, 280/6		20126	Milano			
PESTON:0600625	625	primary address	SYNGENTA ITALIA S.P.A.	via gallarate, 139		20151	Milano			
PESTON:0600626	626	legally registered address	TAMINCO ITALIA S.R.L.	p.le l. cadorna, 10		20123	Milano			
PESTON:0600627	627	primary address	TAMINCO ITALIA S.R.L.	via cornalia 26		20124	Milano			
PESTON:0600628	628	legally registered address | primary address	TECNITERRA S.R.L.	via bronzino, 19		20133	Milano			
PESTON:0600629	629	legally registered address | primary address	TECNOTREA S.R.L.	via carlo urbino, 9		26013	Crema			
PESTON:0600630	630	legally registered address | primary address	TECOMAG S.R.L.	via bellaria, 356/a		41010	Modena			
PESTON:0600631	631	legally registered address	TERSAN S.P.A.	via podgora,5		20131	Milano			
PESTON:0600632	632	primary address	TERSAN S.P.A.	via podgora, 5		20131	Milano			
PESTON:0600633	633	legally registered address | primary address	TIMAC AGRO ESPA„A SA	pol’gono industrial de arazuri-orcoyen, calle c, num. 32		E-031160	Orcoyen			
PESTON:0600634	634	legally registered address | primary address	TOMEN ITALIA S.P.A.	corso italia, 6		20122	Milano			
PESTON:0600635	635	legally registered address | primary address	TOSVAR S.R.L.	via del lavoro, 10		20060	Pozzo D'adda			
PESTON:0600636	636	legally registered address | primary address	TOTALENERGIES FLUIDS S.A.S.	cours michelet, 24 la defense 10		F-92069	La Defense			
PESTON:0600637	637	legally registered address | primary address	TRIAGRIBERIA S.L.	paseo de la castellana, 53		28046	Madrid			
PESTON:0600638	638	legally registered address | primary address	U.B.M. S.R.L.	via gabbiano, 22		43015	Cella Di Noceto			
PESTON:0600639	639	legally registered address | primary address	UCE S.P.A.	via caldera, 21		20153	Milano			
PESTON:0600640	640	legally registered address | primary address	UNITED PHOSPHORUS ITALY S.R.L.	via xx settembre, 3		10123	Torino			
PESTON:0600641	641	legally registered address | primary address	UPL AGRICULTURAL SOLUTIONS ITALY S.R.L.	viale abruzzi, 94		20131	Milano			
PESTON:0600642	642	legally registered address | primary address	UPL EUROPE LTD	chadwick house, birchwood park warrington		WA3 6AE	Warrington			
PESTON:0600643	643	legally registered address | primary address	UPL HOLDINGS CO…PERATIEF U.A.	claudius prinsenlaan 144 a, blok a		NL-4818CP	Breda			
PESTON:0600644	644	legally registered address | primary address	UPL IBERIA S.A.	av. jose' tarradellas, 20 planta 4 puerta 7		8029	Barcelona			
PESTON:0600645	645	legally registered address | primary address	UPL ITALIA S.R.L.	via terni, 275		47023	Cesena			
PESTON:0600646	646	legally registered address | primary address	VALAGRO S.P.A.	loc. saletti zona ind.le		66040	Atessa			
PESTON:0600647	647	legally registered address	VALBRENTA CHEMICALS S.R.L.	via lion, 9		35020	Masera' Di Padova			
PESTON:0600648	648	primary address	VALBRENTA CHEMICALS S.R.L.	via c. colombo, 5		30030	Vigonovo			
PESTON:0600649	649	legally registered address | primary address	VALENT BIOSCIENCES	parc d'affaires de crecy 2, rue claude chappe		69370	Saint Didier Au Mont D'or			
PESTON:0600650	650	legally registered address | primary address	VALSELE S.P.A.	via nazario sauro		84091	Battipaglia			
PESTON:0600651	651	legally registered address | primary address	VALTO B.V.	leehove, 81		NL-2678	De Lier			
PESTON:0600652	652	legally registered address	VAW ITALIA S.R.L.	via quasimodo, 28		20025	Legnano			
PESTON:0600653	653	primary address	VAW ITALIA S.R.L.	via mantegna, 6		20010	Cornaredo			
PESTON:0600654	654	legally registered address | primary address	VEBI ISTITUTO BIOCHIMICO S.R.L.	via desman, 43		35010	Borgoricco			
PESTON:0600655	655	legally registered address | primary address	VENTURA AGROSCIENCE LIMITED	20-22 wenlock road		N1 7GU	London			
PESTON:0600656	656	legally registered address | primary address	VENTUROLI SEMENTI	via del fiffo, 1		40060	Pianoro			
PESTON:0600657	657	legally registered address | primary address	VERDE BIO SAS DI CUNIAL GIANANDREA & C.	viale della vittoria 14/b		31044	Montebelluna			
PESTON:0600658	658	legally registered address	VERDE VIVO S.R.L. (PADOVA)	piazza petrarca, 7		35100	Padova			
PESTON:0600659	659	primary address	VERDE VIVO S.R.L. (PADOVA)	via c. colombo, 7/7a		35100	Vigonovo			
PESTON:0600660	660	legally registered address | primary address	VEXTACHEM S.R.L.	p.zza b. buozzi, 9		4100	Latina			
PESTON:0600661	661	legally registered address	VIORYL S.A.	28 km national road athens?lamia		19014	Afidnes			
PESTON:0600662	662	primary address	VIORYL S.A.	36, viltanioti str. kifissia		14564	Atene			
PESTON:0600663	663	legally registered address	VISCHIM S.R.L.	via carroccio, 8		20031	Cesano Maderno			
PESTON:0600664	664	primary address	VISCHIM S.R.L.	via friuli, 55		20031	Cesano Maderno			
PESTON:0600665	665	legally registered address | primary address	VISPLANT CHIMIREN S.P.A.	via frabaccia, 12		40100	Castel Maggiore			
PESTON:0600666	666	legally registered address | primary address	VIVAGRO SARL	technopole montesquieu, 5 allee jacques latrille		F-33650	Marillac			
PESTON:0600667	667	legally registered address | primary address	W. NEUDORFF GMBH KG	postfach 1209, an der muhle 3		D-31857	Emmerthal			
PESTON:0600668	668	legally registered address | primary address	WACHER CHEMIE ITALIA S.P.A.	via fantoli, 21		20138	Milano			
PESTON:0600669	669	legally registered address	WOLF ITALIA S.R.L.	via galilei, 5		20060	Ornago			
PESTON:0600670	670	primary address	WOLF ITALIA S.R.L.	via g. galilei, 5		20060	Ornago			
PESTON:0600671	671	legally registered address	XEDA INTERNATIONAL S.A.	zone artisanale la crau		13670	Saint Andiol			
PESTON:0600672	672	primary address	XEDA INTERNATIONAL S.A.	c/o expedia mrcc s.r.l. via coppalati, 8		29122	Piacenza			
PESTON:0600673	673	legally registered address	ZANUCCOLI INDUSTRIE ZOLFI S.R.L.	via strada, 15		95121	Catania			
PESTON:0600674	674	primary address	ZANUCCOLI INDUSTRIE ZOLFI S.R.L.	v strada, 15		95121	Catania			
PESTON:0600675	675	legally registered address | primary address	ZAPI INDUSTRIE CHIMICHE S.P.A.	terza strada, 12		35026	Conselve			
PESTON:0600676	676	legally registered address | primary address	ZOLFI VENTILATI MANNINO S.P.A.	contrada corsa		92012	Cianciana			
PESTON:0600677	677	legally registered address | primary address	ZOLFINDUSTRIA S.R.L.	via san cassiano, 99		28069	Trecate			
										
										
										
										
										
										
										
										
										
										